ID,Name,E_mail,Gender,Status,creation,Updation
17,Sai,leela_bhat_v@wuckert.io,Female,Active,2021-05-23T03:50:05.379+05:30,2021-05-23T11:25:05.700+05:30
18,Bhoopati Chaturvedi Jr.,chaturvedi_bhoopati_jr@schultz.name,Male,Inactive,2021-05-23T03:50:05.415+05:30,2021-05-23T03:50:05.415+05:30
19,Shiv Varman,shiv_varman@purdy.net,Female,Active,2021-05-23T03:50:05.424+05:30,2021-05-23T03:50:05.424+05:30
21,Mangala Gowda,mangala_gowda@skiles.net,Female,Active,2021-05-23T03:50:05.453+05:30,2021-05-23T03:50:05.453+05:30
23,Pres. Omana Gowda,omana_pres_gowda@schultz-ebert.name,Male,Active,2021-05-23T03:50:05.476+05:30,2021-05-23T03:50:05.476+05:30
24,Tanya Dwivedi,dwivedi_tanya@kautzer.io,Female,Inactive,2021-05-23T03:50:05.485+05:30,2021-05-23T03:50:05.485+05:30
27,Chidananda Johar,johar_chidananda@krajcik.io,Male,Inactive,2021-05-23T03:50:05.516+05:30,2021-05-23T03:50:05.516+05:30
28,Sheela Guha,guha_sheela@lindgren.org,Female,Inactive,2021-05-23T03:50:05.538+05:30,2021-05-23T03:50:05.538+05:30
29,Manoj Saini CPA,saini_cpa_manoj@hane-fadel.name,Female,Active,2021-05-23T03:50:05.579+05:30,2021-05-23T03:50:05.579+05:30
30,Dhaanyalakshmi Naik Sr.,dhaanyalakshmi_sr_naik@raynor.co,Female,Active,2021-05-23T03:50:05.605+05:30,2021-05-23T03:50:05.605+05:30
31,Amogh Nayar,amogh_nayar@considine-lueilwitz.net,Male,Inactive,2021-05-23T03:50:05.610+05:30,2021-05-23T03:50:05.610+05:30
32,Msgr. Heema Adiga,heema_adiga_msgr@okuneva.biz,Male,Inactive,2021-05-23T03:50:05.620+05:30,2021-05-23T03:50:05.620+05:30
33,Avantika Ahluwalia VM,ahluwalia_vm_avantika@grimes.co,Male,Inactive,2021-05-23T03:50:05.629+05:30,2021-05-23T03:50:05.629+05:30
34,Sarada Naik,naik_sarada@jacobson-dickens.com,Male,Inactive,2021-05-23T03:50:05.665+05:30,2021-05-23T03:50:05.665+05:30
35,Ms. Shashi Naik,shashi_ms_naik@hermann.biz,Male,Inactive,2021-05-23T03:50:05.719+05:30,2021-05-23T03:50:05.719+05:30
36,Dr. Daksha Guneta,guneta_dr_daksha@cronin-schmitt.com,Female,Inactive,2021-05-23T03:50:05.755+05:30,2021-05-23T03:50:05.755+05:30
37,Bhagavaan Arora,arora_bhagavaan@watsica-koss.net,Male,Active,2021-05-23T03:50:05.780+05:30,2021-05-23T03:50:05.780+05:30
38,Digambar Patel III,iii_digambar_patel@hauck.com,Male,Active,2021-05-23T03:50:05.791+05:30,2021-05-23T03:50:05.791+05:30
39,Shakti Bhat,bhat_shakti@hane.com,Female,Inactive,2021-05-23T03:50:05.819+05:30,2021-05-23T03:50:05.819+05:30
40,Cora Goodwin,Marquis74@hotmail.com,Female,Active,2021-05-23T03:50:05.822+05:30,2021-05-23T08:36:17.281+05:30
